TTB ID,Permit No.,Serial Number,Completed Date,Fanciful Name,Brand Name,Origin,Origin Desc,Class/Type,Class/Type Desc
'03211001000018',BW-MI-159,030035,12/18/2025,CASCADE VAL,CASCADE WINERY,06,MICHIGAN,80,TABLE RED WINE
'03235001000006',BW-MI-159,030034,12/18/2025,,CASCADE WINERY,06,MICHIGAN,80,TABLE RED WINE
'06090001000048',DSP-ID-2,06010L,09/17/2025,,ECSTASY,18,IDAHO,649,OTHER SPECIALTIES & PROPRIETARIES
'09079001000202',BW-NJ-68,090034,07/14/2025,,TOMASELLO WINERY,03,NEW JERSEY,84,SPARKLING WINE/CHAMPAGNE
'10363001000317',NJ-I-721,10NI37,07/16/2025,,LENZ MOSER,64,AUSTRIA,81,TABLE WHITE WINE
'11024001000092',NJ-I-721,11NI11,07/16/2025,,LENZ MOSER FETE,64,AUSTRIA,80,TABLE RED WINE
'11038001000725',NY-I-490,11MW01,10/10/2025,,BARENJAGER,53,GERMANY,669,OTHER HERB & SEED CORDIALS/LIQUEURS
'11038001000727',NY-I-490,11MW02,10/10/2025,,BARENJAGER,53,GERMANY,669,OTHER HERB & SEED CORDIALS/LIQUEURS
'11054001000049',NJ-I-721,11NI13,07/16/2025,,LENZ MOSER,64,AUSTRIA,80,TABLE RED WINE
'11115001000373',NY-I-490,11MW03,10/10/2025,HONEY & BOURBON,BARENJAGER,53,GERMANY,699,OTHER SPECIALTIES & PROPRIETARIES
'11115001000381',NY-I-490,11MW03,10/10/2025,HONEY & BOURBON,BARENJAGER,53,GERMANY,699,OTHER SPECIALTIES & PROPRIETARIES
'11262001000022',NY-I-490,11MW05,10/10/2025,JASMIN,JACQUES CARDIN,51,FRANCE,699,OTHER SPECIALTIES & PROPRIETARIES
'11262001000027',NY-I-490,11MW06,10/10/2025,APPLE,JACQUES CARDIN,51,FRANCE,699,OTHER SPECIALTIES & PROPRIETARIES
'11362001000028',NJ-I-721,11NI58,07/16/2025,,LENZ MOSER BLAU,64,AUSTRIA,80,TABLE RED WINE
'11364001000181',BR-MD-DOG-15000,110125,03/03/2026,DEBUTANTE,STILLWATER ARTISANAL,25,MARYLAND,906,MALT BEVERAGES SPECIALITIES - FLAVORED
'12207001000532',CA-I-3613,120004,08/06/2025,MOSTO VERDE,VIEJO TONEL,85,PERU,588,OTHER GRAPE BRANDY (PISCO, GRAPPA) FB
'12207001000536',CA-I-3613,120006,08/06/2025,ACHOLADO,VIJO TONEL,85,PERU,588,OTHER GRAPE BRANDY (PISCO, GRAPPA) FB
'12207001000539',CA-I-3613,120007,08/06/2025,ITALIA,VIEJO TONEL,85,PERU,588,OTHER GRAPE BRANDY (PISCO, GRAPPA) FB
'12243001000461',NY-I-490,12MW02,10/10/2025,HONEY & PEAR,BARENJAGER,53,GERMANY,699,OTHER SPECIALTIES & PROPRIETARIES
'13004001000035',NY-I-490,13MW01,10/10/2025,PLUM,GEKKEIKAN,59,JAPAN,82,TABLE FLAVORED WINE
'13100001000426',NY-I-490,13MW04,10/10/2025,SUZAKU,GEKKEIKAN,59,JAPAN,981,SAKE - IMPORTED
'13100001000430',NY-I-490,13MW05,10/10/2025,SUZAKU,GEKKEIKAN,59,JAPAN,981,SAKE - IMPORTED
'13100001000440',NY-I-490,13MW06,10/10/2025,HONEY & TEA,BARENJAGER,53,GERMANY,669,OTHER HERB & SEED CORDIALS/LIQUEURS
'13100001000441',NY-I-490,13MW07,10/10/2025,HONEY & TEA,BARENJAGER,53,GERMANY,669,OTHER HERB & SEED CORDIALS/LIQUEURS
'13221001000316',DSP-MD-18,130002,07/30/2025,,SAO PAULO,67,BRAZIL,494,OTHER RUM GOLD USB
'13241001000512',NY-I-490,13MW09,10/10/2025,,MONKEY 47,53,GERMANY,258,OTHER DISTILLED GIN FB
'13260001000250',FL-I-15289,13CART,03/24/2025,,CARLA FACCIOLO,50,ITALY,81,TABLE WHITE WINE
'13301001000314',BR-ME-21011,13PJBP,07/30/2025,,THE SUBSTANCE,24,MAINE,902,ALE
'14022001000269',PR-S-15060,140715,03/27/2025,LATIN DRINKS,LATIN DRINKS,4A,PUERTO RICO,724,MARGARITA (UNDER 48 PROOF)
'14023001000889',NY-I-490,14MW04,10/10/2025,,SORTILEGE,69,CANADA,699,OTHER SPECIALTIES & PROPRIETARIES
'14030001000233',NY-I-490,14MW03,10/10/2025,BIZAN BARLEY,GEKKEIKAN,59,JAPAN,699,OTHER SPECIALTIES & PROPRIETARIES
'14030001000237',NY-I-490,14MW02,10/10/2025,BIZAN SWEET POTATO,GEKKEIKAN,59,JAPAN,699,OTHER SPECIALTIES & PROPRIETARIES
'14030001000242',NY-I-490,14MW01,10/10/2025,BIZAN RICE,GEKKEIKAN,59,JAPAN,699,OTHER SPECIALTIES & PROPRIETARIES
'14049001000115',NY-I-490,14MW04,10/10/2025,ANEJO,CASAMIGOS,81,MEXICO,977,TEQUILA FB
'14049001000125',NY-I-490,14MW05,10/10/2025,BLANCO,CASAMIGOS,81,MEXICO,977,TEQUILA FB
'14049001000131',NY-I-490,14MW06,10/10/2025,REPOSADO,CASAMIGOS,81,MEXICO,977,TEQUILA FB
'14051001000202',NY-I-490,14MW08,10/10/2025,,MONKEY 47,53,GERMANY,268,OTHER GIN FB
'14091001000609',DSP-OR-15023,140007,06/08/2025,,BLACK MAPLE HILL,38,OREGON,102,STRAIGHT RYE WHISKY
'14091001000614',DSP-OR-15023,140008,06/08/2025,,BLACK MAPLE HILL,38,OREGON,101,STRAIGHT BOURBON WHISKY
'14119001000600',NY-I-15579,14BFPC,04/08/2025,,PICARDO,52,SPAIN,80,TABLE RED WINE
'14132001000626',NY-I-490,14MW09,10/10/2025,ANEJO,CASAMIGOS,81,MEXICO,977,TEQUILA FB
'14132001000629',NY-I-490,14MW10,10/10/2025,BLANCO,CASAMIGOS,81,MEXICO,977,TEQUILA FB
'14132001000632',NY-I-490,14MW11,10/10/2025,REPOSADO,CASAMIGOS,81,MEXICO,977,TEQUILA FB
'14135001000060',NY-I-15579,14BFHV,04/08/2025,,HIZAN,52,SPAIN,81,TABLE WHITE WINE
'14164001000118',NY-I-15579,14BFHC,04/08/2025,COSECHA,HIZAN,52,SPAIN,80,TABLE RED WINE
'14171001000099',CA-I-21024,14BEBI,06/10/2025,BIANCODICASALLE,BENANTI,50,ITALY,81,TABLE WHITE WINE
'14218001000506',CA-P-22216,140001,03/05/2026,,VEGABRISA TEMPRANILLO,52,SPAIN,80,TABLE RED WINE
'14224001000432',BWN-FL-21003,140028,05/29/2025,,QUANTUM LEAP,50,ITALY,81,TABLE WHITE WINE
'14231001000068',NY-I-490,14MW13,10/10/2025,GOLD,GEKKEIKAN,59,JAPAN,981,SAKE - IMPORTED
'14251001000304',NJ-I-21067,14BR04,09/08/2025,,VICTORIA,81,MEXICO,952,ALE
'14301001000264',CA-P-22216,140002,03/05/2026,,NIT DEL FOC BRUT ROSÉ,52,SPAIN,84,SPARKLING WINE/CHAMPAGNE
'14301001000271',CA-P-22216,140003,03/05/2026,,NIT DEL FOC BRUT,52,SPAIN,84,SPARKLING WINE/CHAMPAGNE
'14301001000276',CA-P-22216,140004,03/05/2026,,NIT DEL FOC BRUT NATURE,52,SPAIN,84,SPARKLING WINE/CHAMPAGNE
'14317001000468',FL-I-15704,14SN03,08/29/2025,JUNMAI DAIGINJO,KAKU REI,59,JAPAN,981,SAKE - IMPORTED
'14351001000537',NY-I-490,14MW14,10/10/2025,MAPLE CREAM,SORTILEGE,69,CANADA,679,OTHER LIQUEUR (CREMES OR CREAMS)
'14356001000262',DSP-MO-16,140161,04/16/2025,SPICED RUM,SAILOR JERRY,29,MISSOURI,644,RUM SPECIALTIES
'15048001000583',CA-I-21462,150005,03/05/2026,,FINCA MANZANOS RESERVA,52,SPAIN,80,TABLE RED WINE
'15048001000587',CA-I-21462,150006,03/05/2026,,FINCA MANZANOS CRIANZA,52,SPAIN,80,TABLE RED WINE
'15049001000002',CA-I-21462,150007,03/05/2026,,MAS DE MANZANOS,52,SPAIN,80,TABLE RED WINE
'15049001000272',CA-I-21462,150008,03/05/2026,,FINCA MANZANOS SELECCION DE LA FAMILIA,52,SPAIN,80,TABLE RED WINE
'15053001000125',CA-I-21462,150009,03/05/2026,,ETIM NEGRE,52,SPAIN,80,TABLE RED WINE
'15054001000009',CA-I-21462,150010,03/05/2026,,ETIM VEREMA TARDANA,52,SPAIN,88,DESSERT /PORT/SHERRY/(COOKING) WINE
'15054001000014',CA-I-21462,150011,03/05/2026,,ETIM RANCI,52,SPAIN,88,DESSERT /PORT/SHERRY/(COOKING) WINE
'15057001000229',CA-I-21462,150012,03/05/2026,,ETIM L'ESPARVER,52,SPAIN,80,TABLE RED WINE
'15061001000031',DSP-KY-52,150019,10/23/2025,DOUBLE OAKED SINGLE BARREL BUY THE BARRE,WOODFORD RESERVE,13,COLORADO,101,STRAIGHT BOURBON WHISKY
'15076001000399',CA-I-21462,150014,03/05/2026,,NIT DEL FOC BRUT,52,SPAIN,84,SPARKLING WINE/CHAMPAGNE
'15076001000408',CA-I-21462,150015,03/05/2026,,NIT DEL FOC BRUT ROSÉ,52,SPAIN,84,SPARKLING WINE/CHAMPAGNE
'15076001000421',CA-I-21462,150016,03/05/2026,,NIT DEL FOC BRUT NATURE,52,SPAIN,84,SPARKLING WINE/CHAMPAGNE
'15078001000196',BWN-FL-21003,150002,05/29/2025,,QUANTUM LEAP,07,WASHINGTON,88,DESSERT /PORT/SHERRY/(COOKING) WINE
'15078001000220',BWN-FL-21003,150004,05/29/2025,,QUANTUM LEAP,38,OREGON,80,TABLE RED WINE
'15104001000501',BR-MN-21039,150011,02/10/2026,,SUMMER CRUSH SUMMER ALE,27,MINNESOTA,902,ALE
'15225001000313',FL-I-15704,15SEN7,12/02/2025,JUNMAI,YUKI OTOKO,59,JAPAN,981,SAKE - IMPORTED
'15225001000345',FL-I-15704,15SEN5,08/29/2025,JUNMAI GINJO,TENJIN BAYASHI,59,JAPAN,981,SAKE - IMPORTED
'15245001000336',MN-I-353,150248,09/05/2025,DUTCH COURAGE,ZUIDAM,83,NETHERLANDS,268,OTHER GIN FB
'15271001000113',DSP-VA-20027,150001,07/30/2025,,WHITE LABEL,05,VIRGINIA,143,CORN WHISKY
'15302001000203',MN-I-353,150298,11/25/2025,LONDON DRY,SOUTH BANK,92,UNITED KINGDOM,251,LONDON DRY DISTILLED GIN FB
'15328001000077',MN-I-353,150331,11/25/2025,,HANAMI,83,NETHERLANDS,268,OTHER GIN FB
'16018001000025',BR-CA-SIE-1,160036,03/10/2026,SWEET SUNNY SOUTH,SIERRA NEVADA,01,CALIFORNIA,906,MALT BEVERAGES SPECIALITIES - FLAVORED
'16018001000065',BR-CA-SIE-1,160037,03/10/2026,SWEET SUNNY SOUTH,SIERRA NEVADA,01,CALIFORNIA,902,ALE
'16035001000287',NY-I-1059,16001U,05/14/2025,PROVIDENTIAL,TRADER JOE'S,69,CANADA,956,MALT BEVERAGES SPECIALITIES
'16077001000439',NJ-I-721,16NI06,09/16/2025,HONEY & BOURBON,BARENJAGER,53,GERMANY,699,OTHER SPECIALTIES & PROPRIETARIES
'16095001000069',NJ-I-721,16NI10,09/16/2025,HONEY & BOURBON,BARENJAGER,53,GERMANY,699,OTHER SPECIALTIES & PROPRIETARIES
'16169001000337',NJ-I-21067,1606BA,08/28/2025,BEER,CERVEZA BARRILITO,81,MEXICO,951,BEER
'16199001000074',BR-AL-GOO-15000,160063,02/13/2026,SMASH PALE ALE,GOOD PEOPLE BREWING COMPANY,10,ALABAMA,901,BEER
'16224001000456',CA-I-21462,160017,03/05/2026,,FINCA MANZANOS CRIANZA,52,SPAIN,80,TABLE RED WINE
'16224001000500',CA-I-21462,160018,03/05/2026,,RESERVA,52,SPAIN,80,TABLE RED WINE
'16224001000506',CA-I-21462,160020,03/05/2026,,FINCA MANZANOS GRAN RESERVA,52,SPAIN,80,TABLE RED WINE
'16224001000512',CA-I-21462,160022,03/05/2026,,FINCA MANZANOS GRACIANO,52,SPAIN,80,TABLE RED WINE
'16286001000254',CA-I-21462,160025,03/05/2026,,MIQUEL JANE SAUVIGNON BLANC,52,SPAIN,81,TABLE WHITE WINE
'16288001000006',CA-I-21462,160024,03/05/2026,,ETIM BLANC,52,SPAIN,81,TABLE WHITE WINE
'16302001000357',CA-I-21878,161002,05/28/2025,,DRAGONBACK,62,ARGENTINA,88,DESSERT /PORT/SHERRY/(COOKING) WINE
'16302001000361',CA-I-21878,161003,05/28/2025,,DRAGONBACK,62,ARGENTINA,88,DESSERT /PORT/SHERRY/(COOKING) WINE
'16302001000368',CA-I-21878,161004,05/28/2025,,DRAGONBACK,62,ARGENTINA,88,DESSERT /PORT/SHERRY/(COOKING) WINE
'17010001000052',DSP-UT-20012,170001,11/20/2025,,LAFAYETTE SPICE FLAVORED WHISKEY,45,UTAH,149,OTHER WHISKY (FLAVORED)
'17011001000064',DSP-VA-20027,170001,07/30/2025,,ROCKY MOUNT,05,VIRGINIA,142,RYE WHISKY
'17030001000360',BR-MN-21039,170024,02/12/2026,,SUMMER CRUSH SUMMER ALE,27,MINNESOTA,902,ALE
'17034001000287',FL-I-21371,17CVMT,03/05/2025,,CVI.CHE 105,70,CHILE,80,TABLE RED WINE
'17034001000291',FL-I-21371,17CVSB,03/05/2025,,CVI.CHE 105,70,CHILE,81,TABLE WHITE WINE
'17065001000119',DSP-VA-20027,170003,07/30/2025,,WHITE LABEL 141 RESERVE,05,VIRGINIA,142,RYE WHISKY
'17075001000286',DSP-MT-20011,170001,03/28/2025,AGAVE,SPOTTED BEAR,30,MONTANA,649,OTHER SPECIALTIES & PROPRIETARIES
'17099001000060',CA-I-21462,170027,03/05/2026,,MASIA D'OR BRUT NATURE,52,SPAIN,84,SPARKLING WINE/CHAMPAGNE
'17128001000017',DSP-VA-20027,170006,07/30/2025,,BLACK LABEL RESERVE 141,05,VIRGINIA,142,RYE WHISKY
'17138001000332',FL-I-15704,17RUM2,03/18/2025,RUMBULLION,ABELFORTH,92,UNITED KINGDOM,694,RUM SPECIALTIES
'17205001000046',DSP-PA-20008,170003,09/09/2025,LAVENDER,PENN SQUARE,39,PENNSYLVANIA,339,VODKA - OTHER FLAVORED
'17205001000051',DSP-PA-20008,170004,09/09/2025,ROSE,PENN SQUARE,39,PENNSYLVANIA,339,VODKA - OTHER FLAVORED
'17206001000396',DSP-MD-20016,170011,08/02/2025,FEAR THE DRAGON,DRAGON DISTILLERY,25,MARYLAND,649,OTHER SPECIALTIES & PROPRIETARIES
'17207001000275',BWN-FL-21003,170055,05/29/2025,MERMAID'S GOLD,DOG WATCH,16,FLORIDA,88,DESSERT /PORT/SHERRY/(COOKING) WINE
'17237001000171',FL-I-15704,17SEN1,08/29/2025,JUNMAI SKAE,SHINKAME,59,JAPAN,981,SAKE - IMPORTED
'17285001000322',BR-MD-BUR-15000,170009,05/15/2025,SEQUOIA SAP,BURLEY OAK,25,MARYLAND,902,ALE
'17296001000757',CA-I-21462,170028,03/05/2026,,CORAL,52,SPAIN,80A,ROSE WINE
'17296001000930',CA-I-21462,170030,03/05/2026,,ALTOS,52,SPAIN,88,DESSERT /PORT/SHERRY/(COOKING) WINE
'17296001000990',CA-I-21462,170029,03/05/2026,,NORTE,52,SPAIN,88,DESSERT /PORT/SHERRY/(COOKING) WINE
'17296001001141',CA-I-21462,170031,03/05/2026,,PURO VICIO,52,SPAIN,88,DESSERT /PORT/SHERRY/(COOKING) WINE
'17297001000306',CA-I-21462,170032,03/05/2026,,FINCA MANZANOS,52,SPAIN,80,TABLE RED WINE
'17297001000320',CA-I-21462,170033,03/05/2026,,FINCA MANZANOS,52,SPAIN,80,TABLE RED WINE
'17305001000408',CA-I-21462,170034,03/05/2026,,ALTOS DE INURRIETA,52,SPAIN,88,DESSERT /PORT/SHERRY/(COOKING) WINE
'17305001000710',CA-I-21878,17TO14,05/28/2025,,DRAGONBACK,62,ARGENTINA,81,TABLE WHITE WINE
'17305001000721',CA-I-21878,17GM14,05/28/2025,,DRAGONBACK,62,ARGENTINA,88,DESSERT /PORT/SHERRY/(COOKING) WINE
'17305001000742',CA-I-21878,17GB14,05/28/2025,,DRAGONBACK,62,ARGENTINA,88,DESSERT /PORT/SHERRY/(COOKING) WINE
'17306001000311',CA-I-21878,17DBCS,05/28/2025,,DRAGONBACK,62,ARGENTINA,88,DESSERT /PORT/SHERRY/(COOKING) WINE
'17306001000318',CA-I-21878,17DBBO,05/28/2025,,DRAGONBACK,62,ARGENTINA,88,DESSERT /PORT/SHERRY/(COOKING) WINE
'17306001000323',CA-I-21878,17DBCF,05/28/2025,,DRAGONBACK,62,ARGENTINA,88,DESSERT /PORT/SHERRY/(COOKING) WINE
'17316001000083',CA-I-21462,170035,03/05/2026,,VERMUT FALSET,52,SPAIN,86,VERMOUTH/MIXED TYPES
'17316001000087',CA-I-21462,170036,03/05/2026,,VERMUT FALSET,52,SPAIN,86,VERMOUTH/MIXED TYPES
'17318001000505',DSP-VA-20027,170007,07/30/2025,,BOONES MILL,05,VIRGINIA,541,APPLE BRANDY
'17318001000509',DSP-VA-20027,170008,07/30/2025,,BOONES MILL RED GRAPE BRANDY,05,VIRGINIA,520,OTHER DOMESTIC GRAPE BRANDY
'17318001000512',DSP-VA-20027,170009,07/30/2025,,ROANOKE RUM,05,VIRGINIA,419,OTHER RUM (GOLD)
'17342001000125',DSP-CA-20045,170011,04/28/2025,,DIAMOND GLACIER 33,01,CALIFORNIA,301,VODKA 80-89 PROOF
'17353001000884',BWN-WA-15237,17BBTF,07/24/2025,THE FEW AND FAR BETWEEN,BROOK & BULL,07,WASHINGTON,88,DESSERT /PORT/SHERRY/(COOKING) WINE
'18037001000516',DSP-VA-20027,180001,07/30/2025,,BLUE RIDGE,05,VIRGINIA,301,VODKA 80-89 PROOF
'18037001000520',DSP-VA-20027,180002,07/30/2025,,ULTRA-FINE PREMIUM SINGLE MALT,05,VIRGINIA,140,WHISKY
'18037001000527',DSP-VA-20027,180003,07/30/2025,,MAKER'S OAK RESERVE,05,VIRGINIA,140,WHISKY
'18037001000531',DSP-VA-20027,180004,07/30/2025,,SHOOTIN' CREEK,05,VIRGINIA,541,APPLE BRANDY
'18045001000074',DSP-MD-18,180001,07/30/2025,,SAO PAULO,67,BRAZIL,494,OTHER RUM GOLD USB
'18107001000395',DSP-MO-16,180033,04/16/2025,SPICED RUM,SAILOR JERRY,03,NEW JERSEY,644,RUM SPECIALTIES
'18107001001168',FL-I-21741,180009,01/07/2026,,VALDINERA,50,ITALY,88,DESSERT /PORT/SHERRY/(COOKING) WINE
'18107001001198',FL-I-21741,180010,01/07/2026,,VALDINERA,50,ITALY,80,TABLE RED WINE
'18107001001201',FL-I-21741,180011,01/07/2026,,VALDINERA,50,ITALY,81,TABLE WHITE WINE
'18107001001251',FL-I-21741,180016,01/07/2026,,CIPRIANA,50,ITALY,80,TABLE RED WINE
'18108001000581',FL-I-21741,180018,01/07/2026,FIORI DI PASTELLO,SELUN,50,ITALY,88,DESSERT /PORT/SHERRY/(COOKING) WINE
'18108001000598',FL-I-21741,180019,01/07/2026,BRICCO SAN PIETRO,BROCCARDO,50,ITALY,80,TABLE RED WINE
'18108001000679',FL-I-21741,180022,01/07/2026,,BLAZIC,50,ITALY,81,TABLE WHITE WINE
'18108001000682',FL-I-21741,180023,01/07/2026,,BLAZIC,50,ITALY,81,TABLE WHITE WINE
'18108001000685',FL-I-21741,180024,01/07/2026,,BLAZIC,50,ITALY,80,TABLE RED WINE
'18108001000689',FL-I-21741,180025,01/07/2026,,PIETTA,50,ITALY,81,TABLE WHITE WINE
'18108001000737',FL-I-21741,180026,01/07/2026,,TERRE DI SAN ROCCO,50,ITALY,80,TABLE RED WINE
'18108001000746',FL-I-21741,180027,01/07/2026,,TERRE DI SAN ROCCO,50,ITALY,80,TABLE RED WINE
'18108001000769',FL-I-21741,180028,01/07/2026,MORELLONE,LE CANIETTE,50,ITALY,80,TABLE RED WINE
'18108001000778',FL-I-21741,180029,01/07/2026,VERONICA,LE CANIETTE,50,ITALY,81,TABLE WHITE WINE
'18108001000792',FL-I-21741,180030,01/07/2026,LUCREZIA,LE CANIETTE,50,ITALY,81,TABLE WHITE WINE
'18108001000801',FL-I-21741,180031,01/07/2026,ROSSO BELLO,LE CANIETTE,50,ITALY,80,TABLE RED WINE
'18108001000813',FL-I-21741,180032,01/07/2026,EXTRA DRY,CA' PIADERA,50,ITALY,84,SPARKLING WINE/CHAMPAGNE
'18108001000838',FL-I-21741,180033,01/07/2026,CLASSICO,FLAVIO COTTINI,50,ITALY,88,DESSERT /PORT/SHERRY/(COOKING) WINE
'18108001000849',FL-I-21741,180034,01/07/2026,CLASSICO SUPERIORE,FLAVIO COTTINI,50,ITALY,80,TABLE RED WINE
'18108001000878',FL-I-21741,180035,01/07/2026,,ORNAIA,50,ITALY,80,TABLE RED WINE
'18108001000886',FL-I-21741,180036,01/07/2026,,ORNAIA,50,ITALY,80,TABLE RED WINE
'18108001000900',FL-I-21741,180037,01/07/2026,,ORNAIA,50,ITALY,80,TABLE RED WINE
'18108001000907',FL-I-21741,180038,01/07/2026,,ORNAIA,50,ITALY,80,TABLE RED WINE
'18108001000916',FL-I-21741,180039,01/07/2026,,ORNAIA,50,ITALY,81,TABLE WHITE WINE
'18108001000923',FL-I-21741,180040,01/07/2026,,ORNAIA,50,ITALY,81,TABLE WHITE WINE
'18108001000933',FL-I-21741,180041,01/07/2026,,ORNAIA,50,ITALY,81,TABLE WHITE WINE
'18108001000943',FL-I-21741,180042,01/07/2026,,CORTE ADAGIO,50,ITALY,80,TABLE RED WINE
'18108001000950',FL-I-21741,180043,01/07/2026,,CORTE ADAGIO,50,ITALY,80,TABLE RED WINE
'18108001000957',FL-I-21741,180044,01/07/2026,,CORTE ADAGIO,50,ITALY,80,TABLE RED WINE
'18108001000966',FL-I-21741,180045,01/07/2026,,CORTE ADAGIO,50,ITALY,80,TABLE RED WINE
'18108001000971',FL-I-21741,180046,01/07/2026,,CORTE ADAGIO,50,ITALY,81,TABLE WHITE WINE
'18108001000978',FL-I-21741,180047,01/07/2026,,CORTE ADAGIO,50,ITALY,81,TABLE WHITE WINE
'18108001000983',FL-I-21741,180048,01/07/2026,,CORTE ADAGIO,50,ITALY,81,TABLE WHITE WINE
'18108001001044',FL-I-21741,180049,01/07/2026,POGGIO AI GRILLI,TENUTA SAN JACOPO,50,ITALY,80,TABLE RED WINE
'18108001001049',FL-I-21741,180050,01/07/2026,POGGIO AI GRILLI RISERVA,TENUTA SAN JACOPO,50,ITALY,80,TABLE RED WINE
'18110001000322',BR-NJ-21063,180420,01/28/2026,COLD SPRING PRESERVATION 45,COLD SPRING BREWERY,03,NEW JERSEY,901,BEER
'18118001000194',FL-I-21741,180052,01/07/2026,GIACONE,CASCINA ALBERTA,50,ITALY,88,DESSERT /PORT/SHERRY/(COOKING) WINE
'18128001000774',BR-CA-LAG-1,180027,05/01/2025,PASSION GRASS,THE LAGUNITAS BREWING COMPANY,01,CALIFORNIA,906,MALT BEVERAGES SPECIALITIES - FLAVORED
'18225001000532',BR-ME-MAI-15002,180813,09/10/2025,,FALL 2018,24,MAINE,904,STOUT
'18225001000535',BR-ME-MAI-15002,180814,09/10/2025,,FALL 2018,24,MAINE,902,ALE
'18226001000783',FL-I-15704,18OND2,12/02/2025,,ONDA 48,59,JAPAN,981,SAKE - IMPORTED
'18227001000289',IL-I-21117,181KAS,12/30/2025,,KARNOBATSKA,68,BULGARIA,560,OTHER FOREIGN BRANDY
'18233001000295',BWN-PA-15115,180821,08/13/2025,INSPIRATION,BLUE RIDGE WINERY LLC,39,PENNSYLVANIA,82,TABLE FLAVORED WINE
'18234001000719',DSP-VA-20027,180002,07/30/2025,,BLUE SPRINGS,05,VIRGINIA,301,VODKA 80-89 PROOF
'18235001000217',BWN-NC-15032,180110,03/17/2025,CHRISTMAS HONEY BEAR,ROCK OF AGES WINERY,35,NORTH CAROLINA,81,TABLE WHITE WINE
'18240001000673',BWN-PA-15115,180828,08/08/2025,PRINCESS,BLUE RIDGE WINERY LLC,39,PENNSYLVANIA,82,TABLE FLAVORED WINE
'18281001000109',OH-I-21044,180002,09/20/2025,VIVA AGAVE,CANTERA NEGRA,81,MEXICO,699,OTHER SPECIALTIES & PROPRIETARIES
'18295001000454',DSP-VA-20027,180005,07/30/2025,,CRYSTAL SPRINGS,05,VIRGINIA,301,VODKA 80-89 PROOF
'18303001000983',BW-CA-5635,180001,08/19/2025,,THE TERRACES,01,CALIFORNIA,84,SPARKLING WINE/CHAMPAGNE
'18309001000219',FL-I-21741,181101,01/07/2026,,FILADORO,50,ITALY,80,TABLE RED WINE
'18309001000224',FL-I-21741,181102,01/07/2026,,FILADORO,50,ITALY,81,TABLE WHITE WINE
'18309001000232',FL-I-21741,181103,01/07/2026,VIGNA SCOPAIO,AZIENDA AGRICOLA CIPRIANA,50,ITALY,80,TABLE RED WINE
'18309001000239',FL-I-21741,181104,01/07/2026,SAN MARTINO,AZIENDA AGRICOLA CIPRIANA,50,ITALY,88,DESSERT /PORT/SHERRY/(COOKING) WINE
'18309001000370',FL-I-21741,181105,01/07/2026,MOSAIKON,CANTINE MOTHIA,50,ITALY,80,TABLE RED WINE
'18311001000106',FL-I-21741,181106,01/07/2026,DEDICATO A FRANCESCO,CANTINE MOTHIA,50,ITALY,88,DESSERT /PORT/SHERRY/(COOKING) WINE
'18311001000108',FL-I-21741,181107,01/07/2026,MOSAIKON,CANTINE MOTHIA,50,ITALY,81,TABLE WHITE WINE
'18313001000086',BWN-WV-21011,180008,12/17/2025,,WEARY TRAVELER,47,WEST VIRGINIA,87M,HONEY BASED DESSERT WINE
'18333001000213',FL-I-21741,182911,01/07/2026,MASSIRANO,PIETRO RINALDI,50,ITALY,88,DESSERT /PORT/SHERRY/(COOKING) WINE
'18341001000446',BWN-CA-17149,180036,07/22/2025,,TWO OLD DOGS,01,CALIFORNIA,80A,ROSE WINE
'18348001000320',NY-I-1704,180181,10/13/2025,RESERVE DE MAUDE,DOMAINE DE PIAUGIER,51,FRANCE,80,TABLE RED WINE
'18355001001016',VA-I-15130,18015L,07/10/2025,THE STACKER,XPHORIA SPIRITS,69,CANADA,699,OTHER SPECIALTIES & PROPRIETARIES
'19009001000269',BR-PA-FRE-15000,190012,04/09/2025,PINEAPPLE SMOOSH,SEPARATIST BEER PROJECT,39,PENNSYLVANIA,902,ALE
'19021001000206',CA-I-21878,1901AR,05/28/2025,,DRAGONBACK ESTATE,62,ARGENTINA,80,TABLE RED WINE
'19028001000106',BWN-IL-21033,190045,07/16/2025,,APRICOT TURNOVER,04,ILLINOIS,82M,HONEY BASED TABLE WINE
'19028001000111',BWN-IL-21033,190046,07/16/2025,,CHERRY TURNOVER,04,ILLINOIS,82M,HONEY BASED TABLE WINE
'19030001000599',BR-ME-21011,190003,06/18/2025,,PRESERVE & PROTECT,24,MAINE,902,ALE
'19037001000266',DSP-VA-20027,190002,07/30/2025,,BLACK LABEL ULTRA FINE PREMIUM RESERVE 141,05,VIRGINIA,142,RYE WHISKY
'19037001000289',DSP-VA-20027,190005,07/30/2025,,ROANOKE RUM,05,VIRGINIA,410,U.S. RUM (GOLD)
'19037001000295',DSP-VA-20027,190006,07/30/2025,,ROCKY MOUNT RYE,05,VIRGINIA,142,RYE WHISKY
'19038001001144',BWN-CA-15307,190068,08/20/2025,,LIMITED LOT,01,CALIFORNIA,80A,ROSE WINE
'19043001000387',DSP-VA-20027,190009,07/30/2025,,DAVOS,05,VIRGINIA,301,VODKA 80-89 PROOF
'19051001000967',BWN-WA-15237,19BBFF,07/24/2025,THE FEW AND FAR BETWEEN,BROOK & BULL,07,WASHINGTON,88,DESSERT /PORT/SHERRY/(COOKING) WINE
'19063001001296',DSP-CA-20045,190001,04/28/2025,PALE MARY,VERVET,01,CALIFORNIA,642,GIN SPECIALTIES
'19066001001207',DSP-CA-20045,190002,04/28/2025,TIKI TEA,VERVET,01,CALIFORNIA,649,OTHER SPECIALTIES & PROPRIETARIES
'19071001000208',DSP-MI-15002,19GRMR,04/24/2025,,GOLDEN RULE,06,MICHIGAN,704,MARGARITA (48 PROOF UP)
'19085001000181',BR-ME-MAI-15002,190326,09/10/2025,,THANK YOU 2019,24,MAINE,902,ALE
'19091001000533',FL-I-21741,191901,01/07/2026,,ORNAIA,50,ITALY,80,TABLE RED WINE
'19091001000540',FL-I-21741,191902,01/07/2026,CINABRO,LE CANIETTE,50,ITALY,80,TABLE RED WINE
'19091001000547',FL-I-21741,191903,01/07/2026,YELLOW LABEL,LA MESMA,50,ITALY,81,TABLE WHITE WINE
'19091001000552',FL-I-21741,191903,01/07/2026,BLACK LABEL,LA MESMA,50,ITALY,81,TABLE WHITE WINE
'19091001000560',FL-I-21741,191905,01/07/2026,INDI,LA MESMA,50,ITALY,81,TABLE WHITE WINE
'19091001000566',FL-I-21741,191905,01/07/2026,RIAS,TENUTE GREGU,50,ITALY,81,TABLE WHITE WINE
'19091001000573',FL-I-21741,191907,01/07/2026,ANIMOSU,TENUTE GREGU,50,ITALY,88,DESSERT /PORT/SHERRY/(COOKING) WINE
'19091001000581',FL-I-21741,191908,01/07/2026,,LA MAGIA,50,ITALY,80,TABLE RED WINE
'19091001000590',FL-I-21741,191909,01/07/2026,,LA MAGIA,50,ITALY,80,TABLE RED WINE
'19091001000603',FL-I-21741,191910,01/07/2026,AGAPANTO,PODERE CONCA,50,ITALY,80,TABLE RED WINE
'19091001000614',FL-I-21741,191911,01/07/2026,,LE MORE BIANCHE,50,ITALY,80,TABLE RED WINE
'19091001000626',FL-I-21741,191912,01/07/2026,SUPERIORE,LE MORE BIANCHE,50,ITALY,80,TABLE RED WINE
'19091001000633',FL-I-21741,191913,01/07/2026,VIGNA SAN BERNARDO,LE MORE BIANCHE,50,ITALY,88,DESSERT /PORT/SHERRY/(COOKING) WINE
'19092001000964',DSP-CA-20045,190004,04/28/2025,ANGELICANO,VERVET,01,CALIFORNIA,649,OTHER SPECIALTIES & PROPRIETARIES
'19119001000799',DSP-MI-20010,190003,03/21/2025,SUMMER,DETROIT CITY DISTILLERY,06,MICHIGAN,410,U.S. RUM (GOLD)
'19134001001082',DSP-MT-20011,190005,03/28/2025,BARREL-RESTED AGAVE,SPOTTED BEAR SPIRITS,30,MONTANA,649,OTHER SPECIALTIES & PROPRIETARIES
'19154001000965',WA-I-21156,190206,09/10/2025,ARBOL,VINICOLA LA CARRODILLA,81,MEXICO,88,DESSERT /PORT/SHERRY/(COOKING) WINE
'19156001000026',DSP-CA-20045,190008,04/28/2025,SUNDOWNER,VERVET,01,CALIFORNIA,649,OTHER SPECIALTIES & PROPRIETARIES
'19166001000152',BR-OR-21186,190001,12/18/2025,,JUICE WILLIAMS,38,OREGON,902,ALE
'19166001000155',BR-OR-21186,190004,01/23/2026,,MERRY DANKSTER,38,OREGON,902,ALE
'19168001001116',BR-OR-21186,190007,07/23/2025,,JAMMY PANTS,38,OREGON,906,MALT BEVERAGES SPECIALITIES - FLAVORED
'19169001000461',CA-I-21462,190037,03/05/2026,,MASIA D´OR,52,SPAIN,84,SPARKLING WINE/CHAMPAGNE
'19177001001272',DSP-TX-20161,190002,12/08/2025,,NATIVE LIMITED,44,TEXAS,142,RYE WHISKY
'19177001001274',DSP-TX-20161,190003,12/08/2025,,NATIVE LIMITED,44,TEXAS,101,STRAIGHT BOURBON WHISKY
'19178001001133',BR-OR-21186,190010,12/19/2025,,RIPE,38,OREGON,902,ALE
'19178001001144',BR-OR-21186,190012,12/19/2025,,OVER RIPE,38,OREGON,902,ALE
'19186001000461',BR-OR-21186,190015,12/18/2025,,JUICE WILLIAMS,38,OREGON,902,ALE
'19186001000481',BR-OR-21186,190017,07/23/2025,,JAMMY PANTS,38,OREGON,906,MALT BEVERAGES SPECIALITIES - FLAVORED
'19186001000488',BR-OR-21186,190019,12/19/2025,,RIPE,38,OREGON,902,ALE
'19189001001119',DSP-TX-20161,190004,12/08/2025,,BARREL & BANTER,44,TEXAS,101,STRAIGHT BOURBON WHISKY
'19189001001123',DSP-TX-20161,190006,12/08/2025,,BARREL & BANTER,44,TEXAS,140,WHISKY
'19190001001194',DSP-CA-20189,190101,03/20/2025,,OZUMO,01,CALIFORNIA,301,VODKA 80-89 PROOF
'19190001001200',DSP-CA-20189,190102,03/20/2025,HAND CRAFTED & SMALL BATCH,OZUMO,01,CALIFORNIA,410,U.S. RUM (GOLD)
'19190001001203',DSP-CA-20189,190103,03/20/2025,HAND CRAFTED & 4XDISTILLED,OZUMO,01,CALIFORNIA,219,OTHER GIN
'19192001000811',CA-I-16546,190003,03/25/2025,,SHUCHTER FAMILY,51,FRANCE,351,VODKA 80-89 PROOF FB
'19197001000781',BWN-NH-15024,19WINI,07/16/2025,,HERMIT WOODS WINERY,33,NEW HAMPSHIRE,82,TABLE FLAVORED WINE
'19204001000085',DSP-TX-20161,190007,12/08/2025,,LOCKWOOD DISTILLING,44,TEXAS,301,VODKA 80-89 PROOF
'19204001000087',DSP-TX-20161,190008,12/08/2025,,LOCKWOOD DISTILLING,44,TEXAS,101,STRAIGHT BOURBON WHISKY
'19204001000089',DSP-TX-20161,190009,12/08/2025,,LOCKWOOD DISTILLING,44,TEXAS,400,UR.S. RUM (WHITE)
'19204001000090',DSP-TX-20161,190010,12/08/2025,,LOCKWOOD DISTILLING,44,TEXAS,520,OTHER DOMESTIC GRAPE BRANDY
'19204001000092',DSP-TX-20161,190011,12/08/2025,,LOCKWOOD DISTILLING,44,TEXAS,101,STRAIGHT BOURBON WHISKY
'19204001000095',DSP-TX-20161,190012,12/08/2025,,LOCKWOOD DISTILLING,44,TEXAS,209,OTHER DISTILLED GIN
'19204001001301',DSP-TX-20161,190013,12/08/2025,,LOCKWOOD DISTILLING,44,TEXAS,102,STRAIGHT RYE WHISKY
'19204001001331',DSP-TX-20161,190014,12/08/2025,,LOCKWOOD DISTILLING,44,TEXAS,140,WHISKY
'19206001000867',BW-OH-319,190017,04/22/2025,VENOM,RAINBOW HILLS WINERY, LLC,09,OHIO,80,TABLE RED WINE
'19207001000623',OH-I-21044,190001,09/20/2025,VIVA AGAVE MADURO,CANTERA NEGRA,81,MEXICO,699,OTHER SPECIALTIES & PROPRIETARIES
'19210001000714',FL-I-21741,190701,01/07/2026,CABERNET DEL VENETO,VILLA ALMADI,50,ITALY,80,TABLE RED WINE
'19210001000725',FL-I-21741,190702,01/07/2026,,FONTANAVECCHIA,50,ITALY,81,TABLE WHITE WINE
'19210001000755',FL-I-21741,190307,01/07/2026,,FONTANAVECCHIA,50,ITALY,81,TABLE WHITE WINE
'19210001000772',FL-I-21741,190407,01/07/2026,LIBERO,FONTANAVECCHIA,50,ITALY,88,DESSERT /PORT/SHERRY/(COOKING) WINE
'05250001000138',BW-OR-162,050415,03/11/2024,PINOTOPIA,PUGO MASON EMPIRICAL SOLUTIONS,38,OREGON,80,TABLE RED WINE
'06178001000152',BW-OR-162,06PM01,03/11/2024,PINOTOPIA,PUGO MASON EMPIRICAL SOLUTIONS,38,OREGON,81,TABLE WHITE WINE
'06180001000132',BW-OR-162,06PM02,03/11/2024,CORK OFF,PUGO MASON EMPIRICAL SOLUTIONS,38,OREGON,82,TABLE FLAVORED WINE
'08212001000263',BW-OR-162,085683,03/11/2024,,WILLAMETTE FALLS LOCK FEST,38,OREGON,81,TABLE WHITE WINE
'08212001000265',BW-OR-162,085684,03/11/2024,,WILLAMETTE FALLS LOCK FEST,38,OREGON,80,TABLE RED WINE
'10149001000001',BW-OR-162,100003,03/11/2024,,MONTESQUEIU WINERY,38,OREGON,81,TABLE WHITE WINE
'10222001000258',BW-OR-162,100009,03/11/2024,,ATOMIC WINEWORKS,38,OREGON,81,TABLE WHITE WINE
'10222001000266',BW-OR-162,100010,03/11/2024,,ST. JOHN'S CELLARS,38,OREGON,81,TABLE WHITE WINE
'10222001000274',BW-OR-162,100011,03/11/2024,,HELLGATE CELLARS,38,OREGON,81,TABLE WHITE WINE
'12095001000614',BW-OR-162,120002,03/11/2024,,SIERRA PEAKS,38,OREGON,80,TABLE RED WINE
'15155001000472',NY-I-21183,150001,03/09/2024,,MICHEL VATTAN ARGILE,51,FRANCE,81,TABLE WHITE WINE
'15155001000477',NY-I-21183,150002,03/09/2024,,MICHEL VATTAN CALCAIRE,51,FRANCE,81,TABLE WHITE WINE
'15155001000529',NY-I-21183,150003,03/09/2024,,CHATEAU L'ESPERANCE CUVEE TROIS FRERES,51,FRANCE,88,DESSERT /PORT/SHERRY/(COOKING) WINE
'15155001000538',NY-I-21183,150005,03/09/2024,,CHATEAU L'ESPERANCE INSTINCT,51,FRANCE,81,TABLE WHITE WINE
'15155001000539',NY-I-21183,150006,03/09/2024,,CHATEAU L'ESPERANCE LES CEDRES,51,FRANCE,80,TABLE RED WINE
'15181001000377',NY-I-21183,150009,03/09/2024,,DOMAINE DES TILLEULS LS QUATRE CHANTEAUX,51,FRANCE,81,TABLE WHITE WINE
'15181001000487',NY-I-21183,150011,03/09/2024,,MOURIESSE VINUM PIERRE D'AMBRE,51,FRANCE,80,TABLE RED WINE
'15181001000500',NY-I-21183,150012,03/09/2024,,MOURIESSE VINUM PIERRE D'AMBRE,51,FRANCE,88,DESSERT /PORT/SHERRY/(COOKING) WINE
'15181001000507',NY-I-21183,150013,03/09/2024,,MOURIESSE VINUM TOUR D'AMBRE,51,FRANCE,88,DESSERT /PORT/SHERRY/(COOKING) WINE
'15183001000138',NY-I-21183,150014,03/09/2024,CUVEE DES AMBASSADEURS GRAND CRU,COMTE AUDOIN DE DAMPIERRE CHAMPAGNE,51,FRANCE,84,SPARKLING WINE/CHAMPAGNE
'15183001000143',NY-I-21183,150015,03/09/2024,CUVEE DES AMBASSADEURS BLANC DE BLANC,COMTE AUDOIN DE DAMPIERRE CHAMPAGNE,51,FRANCE,84,SPARKLING WINE/CHAMPAGNE
'15183001000155',NY-I-21183,150016,03/09/2024,CUVEE DES AMBASSADEURS PREMIER CRU,COMTE AUDOIN DE DAMPIERRE CHAMPAGNE,51,FRANCE,84,SPARKLING WINE/CHAMPAGNE
'15183001000162',NY-I-21183,150017,03/09/2024,CUVEE DES AMBASSADEURS PREMIER CRU ROSE,COMTES DE DAMPIERRE,51,FRANCE,84,SPARKLING WINE/CHAMPAGNE
'15183001000165',NY-I-21183,150018,03/09/2024,CUVEE GENERAL PATTON,COMTES DE DAMPIERRE,51,FRANCE,84,SPARKLING WINE/CHAMPAGNE
'15183001000169',NY-I-21183,150019,03/09/2024,FAMILY RESERVE,COMTE AUDOIN DE DAMPIERRE,51,FRANCE,84,SPARKLING WINE/CHAMPAGNE
'15183001000173',NY-I-21183,150020,03/09/2024,GRANDE CUVEE,COMTE AUDOIN DE DAMPIERRE,51,FRANCE,84,SPARKLING WINE/CHAMPAGNE
'15183001000177',NY-I-21183,150021,03/09/2024,CUVEE PRESTIGE,COMTE AUDOIN DE DAMPIERRE,51,FRANCE,84,SPARKLING WINE/CHAMPAGNE
'15184001000243',NY-I-21183,150022,03/09/2024,,CHATEAU DU JUGE,51,FRANCE,81,TABLE WHITE WINE
'15184001000249',NY-I-21183,150023,03/09/2024,,CHATEAU DU JUGE,51,FRANCE,80,TABLE RED WINE
'15184001000262',NY-I-21183,150025,03/09/2024,,CHATEAU DU MOURET,51,FRANCE,80,TABLE RED WINE
'15184001000265',NY-I-21183,150026,03/09/2024,,CHATEAU DU JUGE,51,FRANCE,81,TABLE WHITE WINE
'15187001000305',NY-I-21183,150028,03/09/2024,SIGNATURE,DOMAINE DES AMOURIERS,51,FRANCE,88,DESSERT /PORT/SHERRY/(COOKING) WINE
'15187001000316',NY-I-21183,150029,03/09/2024,HAUTES TERRASSES,DOMAINE DES AMOURIERS,51,FRANCE,88,DESSERT /PORT/SHERRY/(COOKING) WINE
'15187001000406',NY-I-21183,150030,03/09/2024,,CHATEAU LACOMBE CADIOT,51,FRANCE,80,TABLE RED WINE
'15187001000415',NY-I-21183,150031,03/09/2024,,COMTE D AMANVILLE,51,FRANCE,80,TABLE RED WINE
'15187001000420',NY-I-21183,150032,03/09/2024,,MARQUIS DU BOIS,51,FRANCE,80,TABLE RED WINE
'15195001000531',NY-I-21183,150033,03/12/2024,,DOMAINE DES AUZIERES,51,FRANCE,80,TABLE RED WINE
'15195001000541',NY-I-21183,150035,03/12/2024,,DOMAINE DES AUZIERES ROAIX,51,FRANCE,88,DESSERT /PORT/SHERRY/(COOKING) WINE
'15195001000546',NY-I-21183,150036,03/12/2024,,DOMAINE DES AUZIERES,51,FRANCE,88,DESSERT /PORT/SHERRY/(COOKING) WINE
'16101001000068',NY-I-21183,160002,03/09/2024,,CHATEAU PENEAU,51,FRANCE,81,TABLE WHITE WINE
'16101001000071',NY-I-21183,160003,03/09/2024,,CHATEAU PENEAU,51,FRANCE,80,TABLE RED WINE
'16221001000085',NY-I-21183,160088,03/09/2024,,MICHEL VATTAN,51,FRANCE,80,TABLE RED WINE
'16252001000030',NY-I-21183,169816,03/09/2024,,DUFOULEUR PERE & FILS,51,FRANCE,80,TABLE RED WINE
'17173001000071',NY-I-21183,170002,03/09/2024,,CHATEAU L'ESPERANCE LES ORIGINES,51,FRANCE,80,TABLE RED WINE
'18031001001032',NY-I-21183,180001,03/09/2024,,CHATEAU BOYREIN,51,FRANCE,81,TABLE WHITE WINE
'18031001001039',NY-I-21183,180002,03/09/2024,,CHATEAU BIBEY,51,FRANCE,80,TABLE RED WINE
'24059001000603',DSP-CO-20140,240003,03/06/2024,OUTRIGGER,MONSTER BREWING,13,COLORADO,644,RUM SPECIALTIES
'24059001000611',BWN-CA-22165,240001,03/01/2024,,RIDEAU VINEYARD,01,CALIFORNIA,80,TABLE RED WINE
'24059001000613',OH-I-15067,24CM01,03/01/2024,,CIRELLI,50,ITALY,80,TABLE RED WINE
'24059001000614',BWN-AZ-21085,240230,03/04/2024,SPICY SIPS,SUPERSTITION CELLARS,11,ARIZONA,87M,HONEY BASED DESSERT WINE
'24059001000628',BR-MA-NIG-15000,240219,03/12/2024,RASPBERRY GRAPEFRUIT WHEAT ALE,FRUITY WITH A BOOTY,26,MASSACHUSETTS,906,MALT BEVERAGES SPECIALITIES - FLAVORED
'24059001000634',BW-CA-5417,240207,03/01/2024,,THORNTON,01,CALIFORNIA,80,TABLE RED WINE
'24059001000638',OR-I-21049,24CH02,03/01/2024,LES SALINES,VIGNOBLE GILBERT CHON,51,FRANCE,81,TABLE WHITE WINE
'24059001000640',CA-I-15163,24015D,03/01/2024,HAUTES COLLINES,LA VERRERIE,51,FRANCE,81,TABLE WHITE WINE
'24059001000645',NY-I-1727,2493H3,03/01/2024,,PAGUS DE LAGRANGE,51,FRANCE,80,TABLE RED WINE
'24059001000647',DSP-CO-20140,240004,03/06/2024,TOM COLLINS,MONSTER BREWING,13,COLORADO,742,COLLINS
'18044001000626',NY-I-21183,180006,03/09/2024,,CUVEE SUZANNE,51,FRANCE,88,DESSERT /PORT/SHERRY/(COOKING) WINE
'18044001000640',NY-I-21183,180004,03/09/2024,,CUVEE SUZANNE,51,FRANCE,80,TABLE RED WINE
'18046001000363',BR-MO-21043,180001,03/12/2024,,WEST BOTTOMS INDIA PALE ALE,29,MISSOURI,902,ALE
'18059001000236',NY-I-21183,180007,03/09/2024,,HAUT-BLANVILLE,51,FRANCE,88,DESSERT /PORT/SHERRY/(COOKING) WINE
'18075001000541',NY-I-21183,180008,03/09/2024,,PURITY,51,FRANCE,80,TABLE RED WINE
'18077001000164',NY-I-21183,180009,03/09/2024,,HAUT-BLANVILLE,51,FRANCE,81,TABLE WHITE WINE
'18355001000211',NY-I-21183,181221,03/09/2024,,DOMAINE LAVALLEE,51,FRANCE,80,TABLE RED WINE
'19037001000207',NY-I-21183,190001,03/09/2024,,CHATEAU BOYREIN,51,FRANCE,80,TABLE RED WINE
'19217001000035',BR-MD-20024,190805,03/11/2024,,SOUL MEGA,25,MARYLAND,902,ALE
'19220001000260',BR-MD-20024,190808,03/11/2024,WORLDWIDE AMERICAN PALE ALE,SOUL MEGA,25,MARYLAND,902,ALE
'19240001000187',NY-I-21183,190828,03/09/2024,,DOMAINE FOND MOIROUX,51,FRANCE,80,TABLE RED WINE
'20031001000343',DSP-UT-20002,200131,03/06/2024,BOILERMAKER,SUGAR HOUSE DISTILLERY,45,UTAH,641,WHISKY SPECIALTIES
'20080001000881',NY-I-21183,200005,03/09/2024,,DOMAINE CHEVALLIER,51,FRANCE,81,TABLE WHITE WINE
'20080001000883',NY-I-21183,200006,03/09/2024,,DOMAINE CHEVALLIER,51,FRANCE,81,TABLE WHITE WINE
'20167001000631',DSP-GA-20006,200010,03/13/2024,,WORLD WHISKY SOCIETY RESERVE COLLECTION,08,GEORGIA,101,STRAIGHT BOURBON WHISKY
'21073001000083',NY-I-21183,210001,03/09/2024,MAISON FEU DE BENNE,CELLAR HOUND ROSE,51,FRANCE,80A,ROSE WINE
'22068001000096',NY-I-21183,220003,03/09/2024,,PET NAT BY ETIENNE BLANC,51,FRANCE,84,SPARKLING WINE/CHAMPAGNE
'22173001000287',NY-I-21183,220008,03/09/2024,,DOMAINE SAINT VINCENT CUVEE SAINT PIERRE,51,FRANCE,88,DESSERT /PORT/SHERRY/(COOKING) WINE
'23034001000123',VA-I-21256,238189,03/01/2024,,MONTE DE PINHEIROS,54,PORTUGAL,80,TABLE RED WINE
'23112001000054',IL-I-21396,230011,03/12/2024,,EDETANORUM,52,SPAIN,81,TABLE WHITE WINE
'23112001000058',IL-I-21396,230012,03/12/2024,,VINESTRELLA,52,SPAIN,80,TABLE RED WINE
'23112001000061',IL-I-21396,230013,03/12/2024,,EDETANORUM,52,SPAIN,80A,ROSE WINE
'23112001000064',IL-I-21396,230014,03/12/2024,,EDETANORUM,52,SPAIN,80,TABLE RED WINE
'23135001000117',VA-I-15012,232727,03/05/2024,,ST FROISSART,51,FRANCE,84,SPARKLING WINE/CHAMPAGNE
'23143001000674',DSP-NY-21177,230001,03/06/2024,AMARO JOSEPHINE,FACCIA BRUTTO ,02,NEW YORK,615,HERBS AND SEEDS SCHNAPPS LIQUEUR
'23157001000037',BR-CO-21249,230020,03/04/2024,,COSMIC SAUCE,51,FRANCE,952,ALE
'23198001000638',BR-MD-20024,230716,03/11/2024,RHYTHM & BEAUTY BLACK LAGER,SOUL MEGA,25,MARYLAND,901,BEER
'23198001000644',BR-MD-20024,230716,03/11/2024,RHYTHM AND BEAUTY BLACK LAGER,SOUL MEGA,25,MARYLAND,901,BEER
'23209001000499',BR-NJ-RHB-15000,230042,03/01/2024,SWEET BABY SWIRL!,DUCLAW,03,NEW JERSEY,906,MALT BEVERAGES SPECIALITIES - FLAVORED
'23209001000526',BR-NJ-RHB-15000,230044,03/01/2024,THE PASTRYARCHY UNICORN FARTS AFTER DARK,DUCLAW,03,NEW JERSEY,906,MALT BEVERAGES SPECIALITIES - FLAVORED
'23229001000919',DSP-GA-20073,23011L,03/05/2024,,DOC HOLLIDAY,08,GEORGIA,101,STRAIGHT BOURBON WHISKY
'23237001000356',DSP-CA-131,230721,03/01/2024,DESERT WATER,MADRE,01,CALIFORNIA,649,OTHER SPECIALTIES & PROPRIETARIES
'23237001000437',DSP-CA-131,230724,03/08/2024,DESERT WATER,MADRE,01,CALIFORNIA,649,OTHER SPECIALTIES & PROPRIETARIES
'23237001000457',DSP-CA-131,230725,03/07/2024,DESERT WATER,MADRE,01,CALIFORNIA,649,OTHER SPECIALTIES & PROPRIETARIES
'23240001000076',BR-SC-21162,230025,03/01/2024,POMELO GRAPEFRUIT,ISLAND,41,SOUTH CAROLINA,906,MALT BEVERAGES SPECIALITIES - FLAVORED
'23242001000571',DSP-FL-20088,230024,03/05/2024,SPARKLING RUM COCKTAIL,SANDY BOTTOM,16,FLORIDA,644,RUM SPECIALTIES
'23242001000862',BR-TX-20064,235556,03/07/2024,,BARREL TRICKS,44,TEXAS,904,STOUT
'23243001000815',DSP-TN-21009,230036,03/07/2024,,JESSE JAMES,43,TENNESSEE,141,BOURBON WHISKY
'23243001000995',CA-I-15517,230047,03/06/2024,ORANGE,GEORGES DUBOEUF,51,FRANCE,81,TABLE WHITE WINE
'23244001000227',BWN-CA-21412,231636,03/06/2024,,RIVER ROAD FAMILY VINEYARDS,01,CALIFORNIA,81,TABLE WHITE WINE
'23248001000111',MI-I-21104,230006,03/12/2024,POETRIA NOVA SELEZIONE DEL SAGGIO,DE VINOSALVO,50,ITALY,88,DESSERT /PORT/SHERRY/(COOKING) WINE
'23251001000838',BW-CA-3654,234926,03/13/2024,,COASTAL ESTATES,01,CALIFORNIA,80,TABLE RED WINE
'23312001000877',BWN-CA-23771,230004,03/11/2024,FILLMORE,BOB CABRAL WINES,01,CALIFORNIA,88,DESSERT /PORT/SHERRY/(COOKING) WINE
'23325001000101',VA-I-21276,234123,03/13/2024,,FT,50,ITALY,84,SPARKLING WINE/CHAMPAGNE
'23329001000080',IL-I-21396,230015,03/12/2024,,VINESTRELLA,52,SPAIN,80,TABLE RED WINE
'23329001000086',IL-I-21396,230016,03/12/2024,,VINESTRELLA,52,SPAIN,80,TABLE RED WINE
'23341001000073',PR-I-768,230084,03/04/2024,,ABSOLUT VODKA,5B,SWEDEN,351,VODKA 80-89 PROOF FB
'23347001000676',DSP-WI-20103,230003,03/07/2024,GRAPEFRUIT CRAFT COCKTAIL,3 PUTT,48,WISCONSIN,739,OTHER COCKTAILS (UNDER 48 PROOF)
'23356001000392',BR-OH-20101,230015,03/07/2024,PROSPERITY WHEAT,MARKET GARDEN BREWERY,09,OHIO,902,ALE
'24003001000055',BWN-CA-15020,241694,03/13/2024,SHAMAYIM,MEGED,01,CALIFORNIA,88,DESSERT /PORT/SHERRY/(COOKING) WINE
'24005001000486',BR-TX-20507,240026,03/13/2024,DUBLIN DOWN - DRY IRISH STYLE STOUT,RUSTY AXE BREWING COMPANY,44,TEXAS,904,STOUT
'24008001000361',BWN-SD-15000,240001,03/12/2024,,WILDE PRAIRIE WINERY,42,SOUTH DAKOTA,88,DESSERT /PORT/SHERRY/(COOKING) WINE
'24022001000977',BWN-CA-23563,24GRBL,03/04/2024,,SOUPIR WINES,01,CALIFORNIA,88,DESSERT /PORT/SHERRY/(COOKING) WINE
'24023001000315',BWN-CO-21163,240001,03/11/2024,,ALLUVIAL FARM AND VINEYARD,13,COLORADO,80,TABLE RED WINE
'24024001000472',BWN-NC-21056,24SPK8,03/05/2024,,JAMES CREEK CIDER HOUSE,35,NORTH CAROLINA,84,SPARKLING WINE/CHAMPAGNE
'24024001000529',BWN-NC-21056,24SAWK,03/05/2024,,JAMES CREEK CIDER HOUSE,35,NORTH CAROLINA,84,SPARKLING WINE/CHAMPAGNE
'24026001000146',BWN-OH-21303,24FR01,03/04/2024,COSMIC BERRY,REVOLUTION ROCKBRIDGE,09,OHIO,82,TABLE FLAVORED WINE
'24029001000320',BR-VA-20299,246589,03/05/2024,CORVETTE STEVE,ASLIN BEER CO,05,VIRGINIA,906,MALT BEVERAGES SPECIALITIES - FLAVORED
'24029001000640',BWN-WA-15128,2423GV,03/04/2024,,GILBERT CELLARS,07,WASHINGTON,81,TABLE WHITE WINE
'24029001000652',BWN-WA-15128,2423UN,03/04/2024,,GILBERT CELLARS,07,WASHINGTON,81,TABLE WHITE WINE
'24032001000003',BWN-IL-21060,247001,03/04/2024,,SECOND CITY MEADERY,00,AMERICAN,80,TABLE RED WINE
'24033001000614',OH-I-21081,240184,03/07/2024,MONT MÈS CUVÉE ROSSO,CASTELFEDER,50,ITALY,80,TABLE RED WINE
'24037001000245',NY-I-1039,240037,03/06/2024,,OZU BY OTAZU,52,SPAIN,88,DESSERT /PORT/SHERRY/(COOKING) WINE
'24037001000411',BWN-MI-21428,240001,03/07/2024,,DOMAINE CIGOGNE,06,MICHIGAN,80,TABLE RED WINE
'24037001000769',BR-LA-20043,240001,03/13/2024,FLUX CAPACITOR,GILLA BREWING COMPANY,23,LOUISIANA,902,ALE
'24038001000806',TX-I-1277,241005,03/05/2024,,NC'NEAN,5K,SCOTLAND,153,SINGLE MALT SCOTCH WHISKY
'24039001000416',NY-I-1749,24RENB,03/07/2024,RENOSU BIANCO,DETTORI,50,ITALY,81,TABLE WHITE WINE
'24039001000427',BWN-NJ-15048,240002,03/11/2024,,KENNEDY CELLARS,03,NEW JERSEY,80,TABLE RED WINE
'24039001000437',BWN-NJ-15048,240003,03/11/2024,,KENNEDY CELLARS,03,NEW JERSEY,80,TABLE RED WINE
'24039001000573',DSP-CT-21009,240001,03/05/2024,ORANGE WHIP,WAYPOINT SPIRITS,14,CONNECTICUT,643,VODKA SPECIALTIES
'24039001000644',BWN-OR-15047,240012,03/11/2024,CLASSIQUE,LANGE,38,OREGON,81,TABLE WHITE WINE
'24039001000774',TX-I-21562,245007,03/07/2024,AGAVE GIN,K1MERA,81,MEXICO,699,OTHER SPECIALTIES & PROPRIETARIES
'24040001000219',CA-I-16464,24MDGP,03/13/2024,GENEPI,MENAUD,69,CANADA,976,BITTERS - BEVERAGE*
'24040001000650',BR-IL-21062,240083,03/05/2024,ORANGE MARMALADE DOUBLE INDIA PALE ALE,MOODY TONGUE,04,ILLINOIS,902,ALE
'24043001000149',BR-TX-20266,24PAST,03/06/2024,AMERICAN PASTIME,ROADMAP BREWING CO.,44,TEXAS,901,BEER
'24043001000154',BWN-PA-21003,240002,03/11/2024,MAY FLOWERS,FRACTURED GRAPE WINE CELLARS,39,PENNSYLVANIA,82,TABLE FLAVORED WINE
'24043001000955',CA-I-21286,24FEB6,03/07/2024,,RAUMLAND SEKTHAUS,53,GERMANY,84,SPARKLING WINE/CHAMPAGNE
'24044001000332',BWN-PA-15046,242131,03/05/2024,HOLLENBACK,GROVEDALE WINERY,00,AMERICAN,81,TABLE WHITE WINE
'24044001000608',BWN-TX-21169,24MS23,03/04/2024,MAMA SAID THERE'D BE DAYS LIKE THIS,SIGNOR,44,TEXAS,81,TABLE WHITE WINE
'24045001000021',BR-PA-20332,240004,03/12/2024,,CRAZY GO HAZY,39,PENNSYLVANIA,902,ALE
'24045001000137',FL-I-22519,24NRB1,03/06/2024,,NOSTALGIA,70,CHILE,80,TABLE RED WINE
'24045001000954',BR-NY-BRK-2,24005C,03/01/2024,SPECIAL EFFECTS CLASSIC GOLDEN (NON-ALCOHOLIC),BROOKLYN BREWERY,02,NEW YORK,907,CEREAL BEVERAGES - NEAR BEER (NON ALCOHOLIC)
'24046001000313',WI-I-21066,24BC03,03/11/2024,,MARINA ESPUMANTE BRUT,52,SPAIN,84,SPARKLING WINE/CHAMPAGNE
'24046001000362',WI-I-21066,24BC05,03/11/2024,,MARINA ALTA,52,SPAIN,81,TABLE WHITE WINE
'24046001000870',BWN-OH-21378,240010,03/06/2024,GRAN FIESTA,COLDWATER CREEK WINERY,09,OHIO,83,TABLE FRUIT WINE
'24046001000885',BWN-OH-21378,240013,03/06/2024,VALLEY ROSÉ,COLDWATER CREEK WINERY,09,OHIO,80A,ROSE WINE
'24047001000084',BR-KY-20087,241834,03/01/2024,1834,TEN20 CRAFT BREWERY,22,KENTUCKY,901,BEER
'24047001000086',BR-KY-20087,24FPIG,03/01/2024,FLYING PIG,TEN20 CRAFT BREWERY,22,KENTUCKY,902,ALE
'24047001000288',MA-I-503,240007,03/05/2024,ROUGE TRADITION,DOMAINE ROLET,51,FRANCE,80,TABLE RED WINE
'24047001000296',DSP-RI-15003,240002,03/05/2024,AMERICAN MADE SPIRITS,SONS OF LIBERTY,40,RHODE ISLAND,641,WHISKY SPECIALTIES
'24047001000527',MD-I-15129,240202,03/05/2024,,TENUTA CUCCO,50,ITALY,80,TABLE RED WINE
'24047001000850',BWN-CA-23324,24PP11,03/12/2024,BLUE HAWAIIAN WINE COCKTAIL,KEG KRAFT,01,CALIFORNIA,82,TABLE FLAVORED WINE
'24048001000120',FL-I-22497,24JARA,03/05/2024,,BLUNDO LUCIA,50,ITALY,88,DESSERT /PORT/SHERRY/(COOKING) WINE
'24049001000097',BWN-CA-16514,240003,03/04/2024,,CATALINA VINEYARDS,01,CALIFORNIA,80A,ROSE WINE
'24049001000105',BR-CO-PRO-15000,24DUNK,03/01/2024,DUNKEL,PROST BREWING COMPANY,13,COLORADO,901,BEER
'24049001000131',WA-I-21110,24GZSP,03/05/2024,SIGNET SPECTRUM,GROVER,5I,INDIA,80,TABLE RED WINE
'24049001000134',WA-I-21110,24GZS2,03/05/2024,SIGNET,GROVER,5I,INDIA,80,TABLE RED WINE
'24050001000161',BWN-PA-21352,240017,03/04/2024,PROPERTY PEAR,PHILADELPHIA MEAD COMPANY INC.,39,PENNSYLVANIA,82M,HONEY BASED TABLE WINE
'24050001000192',DSP-TN-15012,240006,03/05/2024,LEGACY,WHISKEY JYPSI,43,TENNESSEE,139,OTHER WHISKY BLENDS
'24051001000073',DSP-IA-21032,24001L,03/05/2024,,REVELTON DISTILLING CO.,20,IOWA,141,BOURBON WHISKY
'24051001000129',NY-I-15421,24ET01,03/07/2024,PERTURBATO,FILODIVINO,50,ITALY,81,TABLE WHITE WINE
'24051001000139',BR-TX-20256,240220,03/05/2024,RGVLS AMBER LABER,5X5 BREWING CO.,44,TEXAS,901,BEER
'24051001000370',BR-TN-21144,24OSKG,03/13/2024,,OFF IN SPACE,43,TENNESSEE,904,STOUT
'24051001000490',BW-WA-212,24CVWF,03/04/2024,WOVEN FIELDS,WALLA WALLA VINTNERS,07,WASHINGTON,88,DESSERT /PORT/SHERRY/(COOKING) WINE
'24051001000708',DSP-MA-21028,24RZG1,03/06/2024,ESSENTIAL GOLD,REAL ZEPEDA,81,MEXICO,699,OTHER SPECIALTIES & PROPRIETARIES
'24051001000720',DSP-MA-21028,24RZG2,03/06/2024,ESSENTIAL SILVER,REAL ZEPEDA,81,MEXICO,699,OTHER SPECIALTIES & PROPRIETARIES
'24051001000867',BW-WA-212,24CBAL,03/04/2024,ALERA,WALLA WALLA VINTNERS,07,WASHINGTON,88,DESSERT /PORT/SHERRY/(COOKING) WINE
'24051001000877',BW-WA-212,24WWBR,03/04/2024,BELLO ROSSO,WALLA WALLA VINTNERS,07,WASHINGTON,88,DESSERT /PORT/SHERRY/(COOKING) WINE
'24051001000977',CA-I-4580,240003,03/04/2024,,LAMBARDI,50,ITALY,80,TABLE RED WINE
'24051001000980',CA-I-4580,240004,03/04/2024,,LAMBARDI,50,ITALY,80,TABLE RED WINE
'24052001000017',NY-I-15332,242001,03/06/2024,,CHATEAU ANGELUS,51,FRANCE,80,TABLE RED WINE
'24052001000077',BR-GA-20051,24WL04,03/06/2024,SIDEBAE,WILD LEAP,08,GEORGIA,902,ALE
'24052001000151',NY-I-15332,242005,03/06/2024,COMTESSE DE LALANDE,CHATEAU PICHON LONGUEVILLE,51,FRANCE,80,TABLE RED WINE
'24052001000369',NY-I-21269,24RC31,03/07/2024,JD BOMB,ROYAL CAPITAL,96,CHINA,699,OTHER SPECIALTIES & PROPRIETARIES
'24052001000386',CA-I-4580,240005,03/04/2024,MAZZAMURELLO,TORRE DEI BEATI,50,ITALY,88,DESSERT /PORT/SHERRY/(COOKING) WINE
'24052001000759',BR-DC-20003,24DSB2,03/07/2024,HANGUNDER IPA,DAD STRENGTH BREWING,4K,DISTRICT OF COLUMBIA,902,ALE
'24052001000844',WA-I-15193,24FLFE,03/05/2024,BRUT NATURE FLEUR DE L'EUROPE,CHAMPAGNE FLEURY,51,FRANCE,84,SPARKLING WINE/CHAMPAGNE
'24052001000862',WA-I-15193,24FLRS,03/05/2024, EXTRA BRUT ROSÉ DE SAIGNÉE,CHAMPAGNE FLEURY,51,FRANCE,84,SPARKLING WINE/CHAMPAGNE
'24052001001123',BR-WA-21647,240001,03/06/2024,TAKJU,RAINBREW,07,WASHINGTON,931,SAKE
'24053001000057',BW-NY-647,240129,03/08/2024,RESERVE,HERON HILL,02,NEW YORK,81,TABLE WHITE WINE
'24053001000058',BW-NY-647,240143,03/08/2024,RESERVE,HERON HILL,02,NEW YORK,81,TABLE WHITE WINE
'24053001000060',BW-NY-647,240124,03/08/2024,RESERVE,HERON HILL,02,NEW YORK,81,TABLE WHITE WINE
'24053001000127',FL-I-21165,24NOIT,03/04/2024,,NOITAB,97,FINLAND,84,SPARKLING WINE/CHAMPAGNE
'24053001000253',BR-CA-TAK-1,24001L,03/04/2024,PROTOTYPE,SHO CHIKU BAI,01,CALIFORNIA,931,SAKE
'24053001000270',CT-I-21160,240005,03/07/2024,,PURE THE WINERY,50,ITALY,81,TABLE WHITE WINE
'24053001000359',BW-NM-57,240003,03/05/2024,,PURSUIT OF HAPPINESS,00,AMERICAN,84,SPARKLING WINE/CHAMPAGNE
'24053001000625',DSP-TN-21029,240004,03/07/2024,,BROTHER'S BOND,43,TENNESSEE,101,STRAIGHT BOURBON WHISKY
'24053001000813',FL-I-15882,24KL10,03/04/2024,,PRODUTTORI DEL BARBARESCO,50,ITALY,88,DESSERT /PORT/SHERRY/(COOKING) WINE
'24053001000824',FL-I-15882,24KL13,03/01/2024,,RABAJA',50,ITALY,88,DESSERT /PORT/SHERRY/(COOKING) WINE
'24053001000829',FL-I-15882,24KL14,03/01/2024,,RIO SORDO,50,ITALY,88,DESSERT /PORT/SHERRY/(COOKING) WINE
'24054001000058',BR-OK-21080,24JW01,03/05/2024,,JUICE WOLVES,37,OKLAHOMA,906,MALT BEVERAGES SPECIALITIES - FLAVORED
'24054001000126',FL-I-15704,24IGTT,03/01/2024,,VILLA BIBBIANI,50,ITALY,88,DESSERT /PORT/SHERRY/(COOKING) WINE
'24054001000299',NY-I-1727,249622,03/05/2024,,URQO,62,ARGENTINA,80,TABLE RED WINE
'24054001000388',CA-I-1717,240037,03/04/2024,,CHATEAU SARANSOT-DUPRE,51,FRANCE,80,TABLE RED WINE
'24054001000546',DSP-PA-20091,240016,03/04/2024,,WHATEVER TRIPLE SEC,39,PENNSYLVANIA,604,TRIPLE SEC
'24054001000624',NY-I-15423,24P558,03/01/2024,,ROYAL SALUTE,5K,SCOTLAND,151,SCOTCH WHISKY FB
'24054001000675',TX-I-1277,241038,03/05/2024,LIQUEUR DE CAFE,SATHENAY,51,FRANCE,662,COFFEE (CAFE) LIQUEUR
'24054001000683',MO-I-21017,240918,03/01/2024,ALESSANDRO,BOVIO,50,ITALY,81,TABLE WHITE WINE
'24054001000687',MO-I-21017,240919,03/01/2024,FIRAGNETTI,BOVIO,50,ITALY,88,DESSERT /PORT/SHERRY/(COOKING) WINE
'24054001000700',DSP-MI-20025,24SFRC,03/01/2024,SPECIAL FINISH RUM CASK,LONG ROAD DISTILLERS,06,MICHIGAN,641,WHISKY SPECIALTIES
'24054001000716',MO-I-21017,240923,03/01/2024,ROCCHETTEVINO,BOVIO,50,ITALY,80,TABLE RED WINE
'24054001000721',MO-I-21017,240924,03/01/2024,ARBORINA,BOVIO,50,ITALY,88,DESSERT /PORT/SHERRY/(COOKING) WINE
'24054001000725',BR-OR-21186,240030,03/05/2024,ELECTRIC HEADBAND,GREAT NOTION,38,OREGON,906,MALT BEVERAGES SPECIALITIES - FLAVORED
'24054001000727',MO-I-21017,240925,03/01/2024,GATTERA,BOVIO,50,ITALY,80,TABLE RED WINE
'24054001000728',MO-I-21017,240926,03/01/2024,PARUSSI,BOVIO,50,ITALY,88,DESSERT /PORT/SHERRY/(COOKING) WINE
'24054001000755',BR-OR-21186,240034,03/05/2024,REEFERM MADNESS,GREAT NOTION,38,OREGON,906,MALT BEVERAGES SPECIALITIES - FLAVORED
'24054001000765',TX-I-1277,241041,03/05/2024,CREME DE MURE,SATHENAY,51,FRANCE,651,FRUIT FLAVORED LIQUEURS
'24054001000853',CA-I-4580,240006,03/04/2024,COCCIAPAZZA RISERVA,TORRE DEI BEATI,50,ITALY,88,DESSERT /PORT/SHERRY/(COOKING) WINE
'24055001000095',CA-I-21523,240461,03/01/2024,,FAULTLINE,5K,SCOTLAND,151,SCOTCH WHISKY FB
'24055001000107',DSP-MI-20111,240020,03/05/2024,OFF THE DOCK,GREAT TURTLE BREWERY & DISTILLERY,06,MICHIGAN,643,VODKA SPECIALTIES
'24056001000007',DSP-NH-21019,240004,03/12/2024,,CATHEDRAL LEDGE DISTILLERY,33,NEW HAMPSHIRE,339,VODKA - OTHER FLAVORED
'24056001000008',DSP-NH-21019,240005,03/12/2024,,CATHEDRAL LEDGE DISTILLERY,33,NEW HAMPSHIRE,339,VODKA - OTHER FLAVORED
'24056001000009',DSP-NH-21019,240006,03/13/2024,,CATHEDRAL LEDGE DISTILLERY,33,NEW HAMPSHIRE,339,VODKA - OTHER FLAVORED
'24056001000011',DSP-NH-21019,240007,03/12/2024,,CATHEDRAL LEDGE DISTILLERY,33,NEW HAMPSHIRE,339,VODKA - OTHER FLAVORED
'24056001000086',BR-MA-21282,24AT03,03/05/2024,PINEAPPLE PIRATE SHIP INDIA PALE ALE,ANGLE TREE BREWERY,26,MASSACHUSETTS,902,ALE
'24057001000067',BR-OH-20166,242502,03/12/2024,FRISCH'S STRAWBERRY PIE ALE,TAFT'S BREWING CO,09,OHIO,906,MALT BEVERAGES SPECIALITIES - FLAVORED
'24057001000075',BR-OH-20166,242503,03/12/2024,RASPBERRY FRUITED ALE,TAFT'S BREWING CO,09,OHIO,906,MALT BEVERAGES SPECIALITIES - FLAVORED
'24057001000213',PR-S-20007,240004,03/07/2024,CREOLE DRINKS,TRAGO,4A,PUERTO RICO,649,OTHER SPECIALTIES & PROPRIETARIES
'24057001000228',GA-I-21200,24031L,03/12/2024,JAPANESE SWEET POTATO SPIRITS,NARUTO NO IMOYA,59,JAPAN,699,OTHER SPECIALTIES & PROPRIETARIES
'24057001000235',NY-I-15053,240226,03/08/2024,MENTHE LIQUEUR ,DISTILLERIE DU CAP FERRET,51,FRANCE,665,HERBS & SEEDS SCHNAPPS LIQUEUR
'24057001000297',DSP-MO-20070,24MOMH,03/05/2024,MISSOURI MANHATTAN,BLACKSMITH DISTILLERY,29,MISSOURI,721,WHISKY MANHATTAN (UNDER 48 PROOF)
'24057001000313',BR-NC-21266,24MP12,03/05/2024,MIDNIGHT PADDLE BLACK IPA INDIA PALE ALE,FRENCH BROAD RIVER BREWERY,35,NORTH CAROLINA,907,CEREAL BEVERAGES - NEAR BEER (NON ALCOHOLIC)
'24057001000678',BR-TX-20640,242400,03/11/2024,VANILLA CREAM ALE,LADY B,44,TEXAS,906,MALT BEVERAGES SPECIALITIES - FLAVORED
'24057001000692',BR-TX-20640,242403,03/12/2024,PEANUT BUTTER STOUT,SHOWCASE SHUTDOWN,44,TEXAS,906,MALT BEVERAGES SPECIALITIES - FLAVORED
'24057001000729',BR-TX-20366,240026,03/05/2024,BRAMBLE ON BLACKBERRY SOUR,BRAZOS VALLEY BREWING COMPANY,44,TEXAS,906,MALT BEVERAGES SPECIALITIES - FLAVORED
'24057001000741',NY-I-15121,24PR13,03/07/2024,,GODIN,54,PORTUGAL,80,TABLE RED WINE
'24057001000780',NY-I-15121,24PR14,03/07/2024,,GODIN,54,PORTUGAL,81,TABLE WHITE WINE
'24057001000912',VA-I-21202,240006,03/06/2024,,LAURENT ET CELINE NOTTON,51,FRANCE,81,TABLE WHITE WINE
'24057001000921',VA-I-21202,240007,03/06/2024,VIEILLES VIGNES,LAURENT & CELINE NOTTON,51,FRANCE,81,TABLE WHITE WINE
'24057001000994',BR-MO-21189,240055,03/05/2024,BREW KAT KOLSCH,VINE STREET BREWING CO.,29,MISSOURI,902,ALE
'24058001000054',DSP-CO-20031,240001,03/07/2024,,ADAPTIVE SPIRIT(S) BOURBON,13,COLORADO,101,STRAIGHT BOURBON WHISKY
'24058001000138',BW-MI-39,240201,03/06/2024,WHOLE CLUSTER,CHATEAU GRAND TRAVERSE,06,MICHIGAN,81,TABLE WHITE WINE
'24058001000254',DSP-FL-20035,240320,03/05/2024,,VOLI305,16,FLORIDA,301,VODKA 80-89 PROOF
'24058001000298',WI-I-15032,24SS02,03/05/2024,,YAHARA BAY DISTILLERS,60,ALBANIA,192,OTHER IMPORTED WHISKY USB
'24058001000302',DSP-NY-21149,240009,03/06/2024,VODKA + ICED TEA,CAPE MAY SPIRITS CO,02,NEW YORK,643,VODKA SPECIALTIES
'24058001000571',BR-MO-BOU-1,240008,03/05/2024,CELLY JUICE,QUIRKTAILS,29,MISSOURI,906,MALT BEVERAGES SPECIALITIES - FLAVORED
'24058001000601',BWN-OR-21557,240002,03/07/2024,,KNUDSEN VINEYARDS,38,OREGON,80A,ROSE WINE
'24058001000719',DSP-WI-15005,240008,03/13/2024,,45TH PARALLEL,48,WISCONSIN,642,GIN SPECIALTIES
'24058001000730',BW-WI-55,24ST05,03/05/2024,CAVALLINO,STONE'S THROW WINERY,01,CALIFORNIA,88,DESSERT /PORT/SHERRY/(COOKING) WINE
'24058001000779',FL-I-21710,24227A,03/12/2024,TRADITIONNELLE,VOL ENCHANTE,51,FRANCE,84,SPARKLING WINE/CHAMPAGNE
'24058001000979',BWN-ID-21033,240001,03/01/2024,,ROSEMARY MANOR,18,IDAHO,81,TABLE WHITE WINE
'24058001001034',NY-I-15766,24PERL,03/08/2024,,BACHELLERY,51,FRANCE,80A,ROSE WINE
'24058001001044',BW-NJ-68,240027,03/13/2024,MOCHA JAVA CREAM,TOMASELLO WINERY,03,NEW JERSEY,82,TABLE FLAVORED WINE
'24058001001170',BWN-NY-21261,24HV04,03/07/2024,,CITY WINERY HUDSON VALLEY,51,FRANCE,80A,ROSE WINE
'24059001000013',MA-I-548,240032,03/04/2024,MATHIAS PARENT,A.F. GROS,51,FRANCE,80,TABLE RED WINE
'24059001000029',LA-I-21020,243111,03/06/2024,CUVEE FELINE,DOMAINE FELINES JOURDAN,51,FRANCE,81,TABLE WHITE WINE
'24059001000034',VA-I-21182,240002,03/04/2024,,PAPER BOAT,62,ARGENTINA,80,TABLE RED WINE
'24059001000039',VA-I-468,241023,03/04/2024,,SANTA VENERE,50,ITALY,80,TABLE RED WINE
'24059001000040',VA-I-468,241024,03/04/2024,,SANTA VENERE,50,ITALY,81,TABLE WHITE WINE
'24059001000042',VA-I-468,241025,03/04/2024,FEDERICO SCALA,SANTA VENERE,50,ITALY,88,DESSERT /PORT/SHERRY/(COOKING) WINE
'24059001000061',DSP-FL-20073,242001,03/04/2024,,ODYSEA,16,FLORIDA,141,BOURBON WHISKY
'24059001000098',NY-I-15240,246666,03/01/2024,NOMI,I CLIVI,50,ITALY,84,SPARKLING WINE/CHAMPAGNE
'24059001000127',BWN-TN-15006,240229,03/06/2024,,CENTURY FARM WINERY
WATERMELON WINE,43,TENNESSEE,83,TABLE FRUIT WINE
'24059001000129',NY-I-21645,24R022,03/04/2024,BLUE LABEL,JOHNNIE WALKER,5K,SCOTLAND,151,SCOTCH WHISKY FB
'24059001000150',WA-I-1290,240004,03/04/2024,,FRIGATE RESERVE,7E,PANAMA,493,OTHER RUM GOLD FB
'24059001000154',WA-I-1290,240005,03/04/2024,,FRIGATE RESERVE,7E,PANAMA,493,OTHER RUM GOLD FB
'24059001000157',WA-I-1290,240006,03/04/2024,,FRIGATE RESERVE,7E,PANAMA,493,OTHER RUM GOLD FB
'24059001000166',NY-I-15240,241346,03/01/2024,ARZILLARI,I CLIVI,50,ITALY,81,TABLE WHITE WINE
'24059001000171',DSP-VA-20114,24VOC3,03/04/2024,VODKA ORANGE CRUSH,THREE NOTCH'D DISTILLING COMPANY,05,VIRGINIA,739,OTHER COCKTAILS (UNDER 48 PROOF)
'24059001000172',NY-I-15240,247181,03/01/2024,BRAZAN,I CLIVI,50,ITALY,81,TABLE WHITE WINE
'24059001000176',NY-I-1011,240033,03/01/2024,BIRILLO,MARSILIANA,50,ITALY,80,TABLE RED WINE
'24059001000178',FL-I-22489,240007,03/01/2024,3055,JEAN LEON,52,SPAIN,81,TABLE WHITE WINE
'24059001000181',FL-I-22489,240008,03/01/2024,3055,JEAN LEON,52,SPAIN,80A,ROSE WINE
'24059001000184',TX-I-15081,240015,03/01/2024,,CHATEAU VALMONT,51,FRANCE,80A,ROSE WINE
'24059001000186',FL-I-22489,240009,03/01/2024,LA SCALA,JEAN LEON,52,SPAIN,88,DESSERT /PORT/SHERRY/(COOKING) WINE
'24059001000189',NY-I-1011,240034,03/01/2024,MARSILIANA, MARSILIANA,50,ITALY,88,DESSERT /PORT/SHERRY/(COOKING) WINE
'24059001000191',FL-I-22489,240010,03/01/2024,,JEAN LEON,52,SPAIN,88,DESSERT /PORT/SHERRY/(COOKING) WINE
'24059001000197',FL-I-22616,240007,03/04/2024,,BONOMO MONTIEL,62,ARGENTINA,80,TABLE RED WINE
'24059001000198',DSP-CT-21010,240228,03/05/2024,CRANBERRY MULE,FIFTH STATE,14,CONNECTICUT,739,OTHER COCKTAILS (UNDER 48 PROOF)
'24059001000204',NY-I-15240,241978,03/01/2024,SAN LORENZO,I CLIVI,50,ITALY,81,TABLE WHITE WINE
'24059001000218',BWN-PA-21273,240032,03/01/2024,,LAVENDER ACRES WINERY,39,PENNSYLVANIA,81,TABLE WHITE WINE
'24059001000222',NY-I-15210,24F28B,03/04/2024,RISERVA,SALCHETO,50,ITALY,88,DESSERT /PORT/SHERRY/(COOKING) WINE
'24059001000223',NY-I-21809,242401,03/04/2024,,COLLI DI POIANIS,50,ITALY,81,TABLE WHITE WINE
'24059001000224',NY-I-15240,241847,03/01/2024,SAN PIETRO,I CLIVI,50,ITALY,81,TABLE WHITE WINE
'24059001000225',DSP-MO-20055,240002,03/04/2024,,BUZZARD RUN,29,MISSOURI,101,STRAIGHT BOURBON WHISKY
'24059001000247',BR-TX-20029,24BACB,03/12/2024,BARREL AGED FEST WITH COCONUT, CHOCOLATE, MARSHMALLOW CINNAMON AND COFFEE BEANS,903 BREWERS,44,TEXAS,906,MALT BEVERAGES SPECIALITIES - FLAVORED
'24059001000264',DSP-FL-15012,240001,03/05/2024,TOASTED COCONUT RUM,SIESTA KEY,16,FLORIDA,644,RUM SPECIALTIES
'24059001000266',NJ-I-766,241135,03/04/2024,,DOMAINE PERTUIZET,51,FRANCE,80,TABLE RED WINE
'24059001000310',BR-OK-KRE-15000,240228,03/12/2024,NOT SUBTLE,PRAIRIE ARTISAN ALES,37,OKLAHOMA,904,STOUT
'24059001000311',NY-I-15635,240022,03/05/2024,LES GARDES REMI,LES CHAMPS DE L'ABBAYE,51,FRANCE,80,TABLE RED WINE
'24059001000316',FL-I-22672,240057,03/01/2024,FANTASIA,CASA COMERCI,50,ITALY,84,SPARKLING WINE/CHAMPAGNE
'24059001000317',NY-I-15635,240023,03/05/2024,LES OXFORDIENNES,LES CHAMPS DE L'ABBAYE,51,FRANCE,81,TABLE WHITE WINE
'24059001000330',BWC-TX-21003,240229,03/03/2024,,VINOVIUM PARTNERS,44,TEXAS,81,TABLE WHITE WINE
'24059001000335',BWC-AZ-21005,245361,03/02/2024,BLUE COLLAR IMPACT,BLUE COLLAR VINEYARD,11,ARIZONA,80,TABLE RED WINE
'24059001000342',NY-I-15635,240025,03/05/2024,,LES CHAMPS DE L'ABBAYE,51,FRANCE,84,SPARKLING WINE/CHAMPAGNE
'24059001000347',BWN-FL-21130,240021,03/04/2024,BARREL-AGED ENDLESS BANANA,ZYMARIUM MEADERY,16,FLORIDA,82M,HONEY BASED TABLE WINE
'24059001000349',BW-NY-685,243243,03/01/2024,,VALOIS ROUGE,02,NEW YORK,80,TABLE RED WINE
'24059001000358',BW-NY-685,242139,03/01/2024,,BAGLEY'S,02,NEW YORK,81,TABLE WHITE WINE
'24059001000363',BW-NY-685,243451,03/01/2024,,BAGLEY'S,02,NEW YORK,81,TABLE WHITE WINE
'24059001000364',BWN-CA-23175,240002,03/01/2024,,CLARK FERREA,01,CALIFORNIA,81,TABLE WHITE WINE
'24059001000368',BWN-CA-23175,240003,03/01/2024,,CLARK FERREA,01,CALIFORNIA,81,TABLE WHITE WINE
'24059001000419',BW-CA-3620,240001,03/01/2024,LOVE Y'ALL,TABITHA BROWN,01,CALIFORNIA,81,TABLE WHITE WINE
'24059001000426',FL-I-22449,243024,03/01/2024,,SENDA DE LOS OVILOS,52,SPAIN,88,DESSERT /PORT/SHERRY/(COOKING) WINE
'24059001000428',CA-I-21327,24LEAS,03/01/2024,,NGA WAKA,84,NEW ZEALAND,80,TABLE RED WINE
'24059001000429',FL-I-22672,240029,03/07/2024,CLO,IUPPA,50,ITALY,80,TABLE RED WINE
'24059001000431',CA-I-21327,24CHAR,03/01/2024,,NGA WAKA,84,NEW ZEALAND,81,TABLE WHITE WINE
'24059001000432',NY-I-15465,24LALA,03/01/2024,,LA LAGUNE,51,FRANCE,88,DESSERT /PORT/SHERRY/(COOKING) WINE
'24059001000435',CA-I-21327,24SBSB,03/01/2024,,NGA WAKA,84,NEW ZEALAND,81,TABLE WHITE WINE
'24059001000436',FL-I-22449,244024,03/01/2024,,SENDA DE LOS OLIVOS,52,SPAIN,88,DESSERT /PORT/SHERRY/(COOKING) WINE
'24059001000440',CA-I-21327,24PNPN,03/01/2024,,NGA WAKA,84,NEW ZEALAND,80,TABLE RED WINE
'24059001000442',MI-I-21082,240305,03/06/2024,,CHATEAU PETIT BOYER,51,FRANCE,80,TABLE RED WINE
'24059001000444',FL-I-22449,244024,03/01/2024,,IRACHE,52,SPAIN,81,TABLE WHITE WINE
'24059001000447',BWN-OR-21253,240002,03/01/2024,SANT'AMBROGIO,BUONA NOTTE,38,OREGON,80,TABLE RED WINE
'24059001000448',MI-I-21082,240304,03/01/2024,LE CORBEAU ET LE RENARD,CHATEAU PETIT BOYER,51,FRANCE,80,TABLE RED WINE
'24059001000449',NY-I-1039,240068,03/01/2024,,L'OCEADE,51,FRANCE,81,TABLE WHITE WINE
'24059001000450',CA-I-4897,24KA22,03/01/2024,,KALAMITY,52,SPAIN,81,TABLE WHITE WINE
'24059001000451',FL-I-22489,240011,03/01/2024,RESERVA,JEAN LEON,52,SPAIN,80,TABLE RED WINE
'24059001000452',FL-I-22449,245024,03/03/2024,,IRACHE,52,SPAIN,80,TABLE RED WINE
'24059001000453',NY-I-15465,24PAVI,03/01/2024,,PAVIE,51,FRANCE,88,DESSERT /PORT/SHERRY/(COOKING) WINE
'24059001000457',BWN-WA-21167,24ASKY,03/01/2024,,FROM THE SKY DOWN,07,WASHINGTON,80,TABLE RED WINE
'24059001000458',CA-I-3896,24JPSI,03/01/2024,SHONAI BIJIN HIYAOROSHI,DEWANOYUKI,59,JAPAN,981,SAKE - IMPORTED
'24059001000459',DSP-KY-20037,240029,03/06/2024,DANGEROUS,FOUR GATE,22,KENTUCKY,641,WHISKY SPECIALTIES
'24059001000462',FL-I-22449,246024,03/01/2024,,FUENTE DE IRACHE,52,SPAIN,80,TABLE RED WINE
'24059001000477',FL-I-22449,247024,03/01/2024,,PAGO DE CIRSUS,52,SPAIN,80A,ROSE WINE
'24059001000478',WI-I-479,240005,03/01/2024,CUVEE JULIETTE,DOMINIQUE GRUHIER,51,FRANCE,80,TABLE RED WINE
'24059001000482',BWN-WA-21779,240001,03/01/2024,BY THE HORNS,DOVETAIL CELLARS,07,WASHINGTON,88,DESSERT /PORT/SHERRY/(COOKING) WINE
'24059001000491',BWN-WA-21779,240002,03/01/2024,TUSC,DOVETAIL CELLARS,07,WASHINGTON,88,DESSERT /PORT/SHERRY/(COOKING) WINE
'24059001000493',DSP-NJ-21022,240002,03/05/2024,,HIBERNAL FLAME,03,NEW JERSEY,439,RUM OTHER FLAVORED
'24059001000496',WI-I-479,240006,03/01/2024,,DOMINIQUE GRUHIER,51,FRANCE,81,TABLE WHITE WINE
'24059001000514',BWN-CA-23057,2422CS,03/01/2024,,PALMERO FAMILY VINEYARD,01,CALIFORNIA,80,TABLE RED WINE
'24059001000524',WI-I-479,240007,03/01/2024,,DOMINIQUE GRUHIER,51,FRANCE,80,TABLE RED WINE
'24059001000543',FL-I-21310,242495,03/01/2024,FINCA LA MONTESA,PALACIOS REMONDO,52,SPAIN,80,TABLE RED WINE
'24059001000547',CA-I-21752,240594,03/01/2024,MOSAICO,DOS BUHOS,81,MEXICO,80,TABLE RED WINE
'24059001000548',FL-I-21310,242496,03/01/2024,PLACET DE VALTOMELLOSO,PALACIOS REMONDO,52,SPAIN,81,TABLE WHITE WINE
'24059001000550',FL-I-21310,242497,03/01/2024,VINAS NIEJAS DE LA PROPIEDAD,PALACIOS REMONDO,52,SPAIN,88,DESSERT /PORT/SHERRY/(COOKING) WINE
'24059001000552',WA-I-15224,240001,03/01/2024,,GHIACCIO FORTE,50,ITALY,80,TABLE RED WINE
'24059001000553',BWN-NC-15080,24FULC,03/01/2024,,GRANDFATHER VINEYARD AND WINERY LLC,02,NEW YORK,81,TABLE WHITE WINE
'24059001000557',BWN-NC-15080,24MERL,03/01/2024,,GRANDFATHER VINEYARD AND WINERY LLC,00,AMERICAN,80,TABLE RED WINE
'24059001000562',CA-I-21752,240595,03/01/2024,1524 MOSAICO BLANCO,DOS BUHOS,81,MEXICO,81,TABLE WHITE WINE
'24059001000566',DSP-KY-20134,242021,03/05/2024,CIGAR BATCH,GOOD OLD TIMES,22,KENTUCKY,641,WHISKY SPECIALTIES
'24059001000568',NY-I-21137,244538,03/01/2024,,COPPIERE,50,ITALY,80,TABLE RED WINE
'24059001000571',BWN-NC-15080,24VAPG,03/01/2024,,GRANDFATHER VINEYARD & WINERY LLC,00,AMERICAN,81,TABLE WHITE WINE
'24059001000584',DSP-FL-20097,241070,03/05/2024,,BIG STORM DISTILLERY,16,FLORIDA,339,VODKA - OTHER FLAVORED